1,Circuit Analysis,Kellen Horton
2,Calculus,Kamron Saunders
3,Introduction to Law ,Dominick Pope
4,Circuit Analysis,Gerardo Grimes
5,Human Ecology,Elaine Cabrera
6,Introduction to Philosophy,Sophie Norris
7,Arts Fundraising,Julio Cohen
8,Food and Culture,Farrah Cantrell
9,World History,Kayden Price
10,World History,Ellie Bass
11,Foundations of Education,Lilianna Watts
12,Fundamentals of Marketing ,Zariah Bowers
13,World History,Kylie Cameron
14,Literature and Culture,Josie Hopkins
15,Literature and Culture,Jaxon Moon
16,Literature and Culture,Andre Richard
17,Introduction to Affective Computing,Matias Little
18,Introduction to Law ,Abby Sheppard
19,Financial Accounting,Mina Kidd
20,Elementary French ,Salma Ortega
21,Calculus,Trevon Cline
22,Network Optimization,Janae Chandler
23,Introduction to Philosophy,Skyla Barton
24,Greek Civilization,Scarlet Hines
25,Network Optimization,Pamela Burch
26,Elementary French ,Kelsey Caldwell
27,Introduction to Professional Writing,Gibson Warner
28,Food and Culture,Allison Witt
29,Introduction to Affective Computing,Taylor Knight
30,Introduction to Programming,Harley Albert