1,1,AdeleRosales@university.com
2,2,JustusGomez@university.com
3,3,IsiahWarner@university.com
4,4,EricaCampos@university.com
5,5,DesmondValdez@university.com
6,6,ArnavPowers@university.com
7,7,AliBowen@university.com
8,8,MalayaBurgess@university.com
9,9,HaleighHopper@university.com
10,10,CoreyMcclure@university.com
11,11,JacobDotson@university.com
12,12,AdenPetty@university.com
13,13,TheodoreAcosta@university.com
14,14,HarleyManning@university.com
15,15,KarmaGuerrero@university.com
16,16,LegendOlson@university.com
17,17,IssacLee@university.com
18,18,MaggieYork@university.com
19,19,AmareHernandez@university.com
20,20,LilahAbbott@university.com
21,21,EugeneMathis@university.com
22,22,MiyaWarren@university.com
23,23,MuhammadScott@university.com
24,24,ErikMcmillan@university.com
25,25,ValentinoChristensen@university.com
26,26,TrystanBarker@university.com
27,27,MarcusOwens@university.com
28,28,AylinJoyner@university.com
29,29,GeorgeRichardson@university.com
30,30,ScottWooten@university.com
31,31,MonicaRoth@university.com
32,32,NoemiShelton@university.com
33,33,MaliyahRamsey@university.com
34,34,WaylonBradley@university.com
35,35,LauraHerrera@university.com
36,36,LyricHorton@university.com
37,37,DeandreHopper@university.com
38,38,KeyonHensley@university.com
39,39,LunaChan@university.com
40,40,ArloMartin@university.com
41,41,FinleySaunders@university.com
42,42,LucasBall@university.com
43,43,CarlaHill@university.com
44,44,KaraGould@university.com
45,45,JovaniHeath@university.com
46,46,LiamParks@university.com
47,47,JeramiahStanley@university.com
48,48,ArmaniHensley@university.com
49,49,KoltonHopkins@university.com
50,50,PorterSears@university.com
51,51,JeromeJarvis@university.com
52,52,BroderickTerry@university.com
53,53,DrakeHammond@university.com
54,54,HassanCarney@university.com
55,55,LaraTorres@university.com
56,56,SharonJefferson@university.com
57,57,JasminCummings@university.com
58,58,RhysHerman@university.com
59,59,EdenMeyers@university.com
60,60,EddieClements@university.com
61,61,QuincyGoodwin@university.com
62,62,SamiyahOrtega@university.com
63,63,DevonGarcia@university.com
64,64,LillieHanson@university.com
65,65,EvangelineMccall@university.com
66,66,FreddyColeman@university.com
67,67,MaddenCross@university.com
68,68,DamarisMckay@university.com
69,69,IlianaBlankenship@university.com
70,70,JulietaWilder@university.com
71,71,SelahMcpherson@university.com
72,72,JermaineKinney@university.com
73,73,HaleySmith@university.com
74,74,AnnaCote@university.com
75,75,BrielleWilder@university.com
76,76,AlejandraVaughan@university.com
77,77,DeeganKeith@university.com
78,78,JoselynRandolph@university.com
79,79,BrettSpence@university.com
80,80,IkerOwens@university.com
81,81,CherishMonroe@university.com
82,82,MaxBallard@university.com
83,83,CaliJefferson@university.com
84,84,AnaliaPatterson@university.com
85,85,SidneyKerr@university.com
86,86,PrincetonMcintyre@university.com
87,87,ReubenGalloway@university.com
88,88,JeanWalters@university.com
89,89,JosiahRoberson@university.com
90,90,SamanthaDennis@university.com
91,91,JuniperPatton@university.com
92,92,MacyHopper@university.com
93,93,FernandaWilliamson@university.com
94,94,JairoMcintyre@university.com
95,95,NicoleKirby@university.com
96,96,PedroSingleton@university.com
97,97,BrendanFoley@university.com
98,98,DelaneyMathews@university.com
99,99,ShaneCasey@university.com
100,100,NathanaelMorrow@university.com
101,101,JensenMccall@university.com
102,102,MaximoReid@university.com
103,103,KrystalBuckner@university.com
104,104,BennettGreen@university.com
105,105,KennyNoel@university.com
106,106,ScarlettWooten@university.com
107,107,CarsonCalderon@university.com
108,108,CindyMeyers@university.com
109,109,JuanLeach@university.com
110,110,DamarisClayton@university.com
111,111,AdelineSolomon@university.com
112,112,ChadBurris@university.com
113,113,JoshuaMckenzie@university.com
114,114,AlaniHarmon@university.com
115,115,GenevieveWorkman@university.com
116,116,CasenDonovan@university.com
117,117,TobyReid@university.com
118,118,JaidaMartinez@university.com
119,119,FaithWalker@university.com
120,120,SamaraAcosta@university.com
121,121,CortezHardy@university.com
122,122,MarianoLyons@university.com
123,123,DeniseGeorge@university.com
124,124,KaileyHughes@university.com
125,125,AaronPerez@university.com
126,126,ElijahPadilla@university.com
127,127,EileenSalazar@university.com
128,128,AlonzoYates@university.com
129,129,DiegoFarrell@university.com
130,130,AllanLucas@university.com
131,131,NathalieHouston@university.com
132,132,AshlynWeeks@university.com
133,133,AlonsoWall@university.com
134,134,XavierSchwartz@university.com
135,135,JakobChang@university.com
136,136,SolomonMueller@university.com
137,137,DominicMcintyre@university.com
138,138,ArloTran@university.com
139,139,AliciaVance@university.com
140,140,RaydenHarding@university.com
141,141,ColtonJarvis@university.com
142,142,JustinGamble@university.com
143,143,JourneyHodge@university.com
144,144,YamiletDelgado@university.com
145,145,CullenDixon@university.com
146,146,BentleySykes@university.com
147,147,AshtynMorgan@university.com
148,148,ClaudiaEngland@university.com
149,149,SaulWiley@university.com
150,150,RileyVillarreal@university.com
151,151,AshlynnBradley@university.com
152,152,LeightonHolder@university.com
153,153,MasenHamilton@university.com
154,154,FrancesSampson@university.com
155,155,KareemWolfe@university.com
156,156,ArielKramer@university.com
157,157,WillUnderwood@university.com
158,158,CaseSalinas@university.com
159,159,ElyseRowe@university.com
160,160,ZavierMercado@university.com
161,161,IvyBlack@university.com
162,162,JasonHubbard@university.com
163,163,LeightonRichard@university.com
164,164,PaytonVinson@university.com
165,165,CarterCervantes@university.com
166,166,HannahDalton@university.com
167,167,JaydonJarvis@university.com
168,168,BrunoWarner@university.com
169,169,ChaimCarr@university.com
170,170,ElinBryan@university.com
171,171,MikaylaCotton@university.com
172,172,AngelaMcconnell@university.com
173,173,MosesWinters@university.com
174,174,DeclanJarvis@university.com
175,175,RayneGlover@university.com
176,176,BennettVega@university.com
177,177,ElizabethCross@university.com
178,178,KrystalMendoza@university.com
179,179,RavenMcfadden@university.com
180,180,JerimiahRussell@university.com
181,181,CarolinaStuart@university.com
182,182,LindaMccall@university.com
183,183,BradenCollins@university.com
184,184,DanicaRhodes@university.com
185,185,RaulBerg@university.com
186,186,LiviaBishop@university.com
187,187,AnabellaPierce@university.com
188,188,MeadowFields@university.com
189,189,RyannSnider@university.com
190,190,MorganCantu@university.com
191,191,HeathWilkins@university.com
192,192,LivMaxwell@university.com
193,193,XanderRomero@university.com
194,194,MosesMcclain@university.com
195,195,SeamusLawson@university.com
196,196,JaelynSullivan@university.com
197,197,DustinJoyce@university.com
198,198,HayleighBarrera@university.com
199,199,AleenaOwen@university.com
200,200,BrysonMiller@university.com
201,201,TarynGarza@university.com
202,202,GwynethLowe@university.com
203,203,RaphaelMcfadden@university.com
204,204,JulietaDavid@university.com
205,205,LennonSparks@university.com
206,206,EmeryVega@university.com
207,207,IlianaCooke@university.com
208,208,TalonLogan@university.com
209,209,LouisBeck@university.com
210,210,TraceRandolph@university.com
211,211,SamsonTanner@university.com
212,212,TroyStephenson@university.com
213,213,JordynPitts@university.com
214,214,JudithRowland@university.com
215,215,ZariahShort@university.com
216,216,BrynleeHebert@university.com
217,217,MauriceRosario@university.com
218,218,HeidiSimmons@university.com
219,219,LindsayChurch@university.com
220,220,JulissaHarding@university.com
221,221,SophieMclaughlin@university.com
222,222,HughLang@university.com
223,223,IsmaelGillespie@university.com
224,224,EliVance@university.com
225,225,YareliGeorge@university.com
226,226,SterlingCamacho@university.com
227,227,JamieHutchinson@university.com
228,228,BransonWilson@university.com
229,229,BennettHull@university.com
230,230,KailynnRush@university.com
231,231,MicahBrowning@university.com
232,232,DeanShannon@university.com
233,233,KaylynnWall@university.com
234,234,VincenzoFloyd@university.com
235,235,PrincessKlein@university.com
236,236,GavinConrad@university.com
237,237,BrendanLeblanc@university.com
238,238,KrystalGates@university.com
239,239,TristonTanner@university.com
240,240,DannyDunn@university.com
241,241,JaniyaFlowers@university.com
242,242,CatalinaRobbins@university.com
243,243,JadynBradford@university.com
244,244,IsaiDunn@university.com
245,245,AshtonSmith@university.com
246,246,MadalynGiles@university.com
247,247,HeavenStone@university.com
248,248,LilahWitt@university.com
249,249,JoyMolina@university.com
250,250,JourneyCampos@university.com
251,251,MaddenBryant@university.com
252,252,HughBryant@university.com
253,253,ReubenVinson@university.com
254,254,CorbanFlores@university.com
255,255,DannyMontoya@university.com
256,256,KatieMiller@university.com
257,257,JourneeRoss@university.com
258,258,ReedSheppard@university.com
259,259,JerimiahGalloway@university.com
260,260,GaugeGriffith@university.com
261,261,SariyahHanson@university.com
262,262,TessaScott@university.com
263,263,KristianDavidson@university.com
264,264,MaritzaRoman@university.com
265,265,AiyanaKoch@university.com
266,266,GunnerGrant@university.com
267,267,HaleyFletcher@university.com
268,268,AmirMolina@university.com
269,269,RemingtonGoodwin@university.com
270,270,JulianCannon@university.com
271,271,SariahDowns@university.com
272,272,MalayaDalton@university.com
273,273,IsaiahHester@university.com
274,274,GenesisNixon@university.com
275,275,RavenByrd@university.com
276,276,MelanieCantu@university.com
277,277,KayleeBridges@university.com
278,278,ZaniyahOconnor@university.com
279,279,EmmaleeFranklin@university.com
280,280,AdelinaAnderson@university.com
281,281,DarrylLynn@university.com
282,282,JaronLindsey@university.com
283,283,DannyMccoy@university.com
284,284,KylieWalters@university.com
285,285,MariyahRichard@university.com
286,286,JaylinPerkins@university.com
287,287,MasonParker@university.com
288,288,RoselynTyler@university.com
289,289,KyleeRosario@university.com
290,290,LeonelJoseph@university.com
291,291,AnnabellAndrews@university.com
292,292,AnaPotter@university.com
293,293,LeonardoMayer@university.com
294,294,JonahMorton@university.com
295,295,GiovannaJacobs@university.com
296,296,KeeganGriffith@university.com
297,297,MeghanBerger@university.com
298,298,LandenHuber@university.com
299,299,WarrenWitt@university.com
300,300,DianaHardy@university.com
301,301,MariaCrawford@university.com
302,302,MaddisonWatson@university.com
303,303,GriffinJefferson@university.com
304,304,BridgerFrye@university.com
305,305,JosiahSloan@university.com
306,306,JaidenMolina@university.com
307,307,KendallColon@university.com
308,308,HarperGuthrie@university.com
309,309,BrunoRowe@university.com
310,310,LamarFrost@university.com
311,311,KevinLewis@university.com
312,312,KaiSloan@university.com
313,313,SimoneColeman@university.com
314,314,MarleneBlanchard@university.com
315,315,RowanLawson@university.com
316,316,AvaVelez@university.com
317,317,NoemiGriffin@university.com
318,318,BreeTyson@university.com
319,319,SloaneMcdaniel@university.com
320,320,JohnnyOrr@university.com
321,321,IreneNewton@university.com
322,322,EmilySweet@university.com
323,323,PresleyMoore@university.com
324,324,JaidaKirk@university.com
325,325,CaleRutledge@university.com
326,326,KysonLynn@university.com
327,327,AlexisMcmillan@university.com
328,328,IsisLara@university.com
329,329,RemingtonWarren@university.com
330,330,LelandKennedy@university.com
331,331,MessiahMullen@university.com
332,332,SaraNoble@university.com
333,333,BriellaHurley@university.com
334,334,WinstonHutchinson@university.com
335,335,DaneAtkinson@university.com
336,336,AmareShaffer@university.com
337,337,JaronMaldonado@university.com
338,338,MohammadDickson@university.com
339,339,AlessandroBird@university.com
340,340,AbigailWitt@university.com
341,341,MonicaCantu@university.com
342,342,EverettZimmerman@university.com
343,343,AudrianaMiranda@university.com
344,344,TatianaNoble@university.com
345,345,NahlaJohnston@university.com
346,346,JaniyahWelch@university.com
347,347,BlakeKeller@university.com
348,348,AadenWest@university.com
349,349,JayleneDelacruz@university.com
350,350,CamilaSanders@university.com
351,351,GeorgePena@university.com
352,352,BrandenLangley@university.com
353,353,CortezDavidson@university.com
354,354,GageWilder@university.com
355,355,LondynWyatt@university.com
356,356,LennoxGraves@university.com
357,357,SoniaDickson@university.com
358,358,FinneganBecker@university.com
359,359,JulietteParrish@university.com
360,360,JamariBarrera@university.com
361,361,KennedyHarris@university.com
362,362,GiadaFernandez@university.com
363,363,DamarisNorris@university.com
364,364,MaximilianoSawyer@university.com
365,365,NorahSloan@university.com
366,366,SavannaCabrera@university.com
367,367,CarolineLe@university.com
368,368,CameronShort@university.com
369,369,AndreMcintyre@university.com
370,370,EliannaHoward@university.com
371,371,DeangeloRose@university.com
372,372,ElisaThornton@university.com
373,373,IlianaStrickland@university.com
374,374,KaitlynnNieves@university.com
375,375,RaelynRuiz@university.com
376,376,ChaimHodge@university.com
377,377,GriffinSullivan@university.com
378,378,ShelbyHarper@university.com
379,379,BrayanCastaneda@university.com
380,380,KameronMorton@university.com
381,381,PaytonVaughn@university.com
382,382,LiliaNichols@university.com
383,383,IvyMaynard@university.com
384,384,ArianBurns@university.com
385,385,KylerAlford@university.com
386,386,CharleeWallace@university.com
387,387,JosueMartin@university.com
388,388,EstebanGregory@university.com
389,389,VihaanPalmer@university.com
390,390,SamuelYang@university.com
391,391,KayleeMay@university.com
392,392,KellanCannon@university.com
393,393,HarrisonHickman@university.com
394,394,KaliyahCervantes@university.com
395,395,FrankieRosales@university.com
396,396,GeraldineMarsh@university.com
397,397,KylanSellers@university.com
398,398,MinaPage@university.com
399,399,JourneeKemp@university.com
400,400,JuneHodge@university.com
401,401,JoeBonner@university.com
402,402,MacieHansen@university.com
403,403,JaceyRandolph@university.com
404,404,NataliaMcbride@university.com
405,405,MadalynAyers@university.com
406,406,EduardoChapman@university.com
407,407,KendraBrowning@university.com
408,408,AimeeJoseph@university.com
409,409,NevaehGibbs@university.com
410,410,CaseyMann@university.com
411,411,FranciscoLove@university.com
412,412,KeyonRichard@university.com
413,413,TaylorMccormick@university.com
414,414,StephenBranch@university.com
415,415,EmmalynConrad@university.com
416,416,DavonGould@university.com
417,417,QuintenMaxwell@university.com
418,418,AlbertBurns@university.com
419,419,BraylenTucker@university.com
420,420,AnaHodges@university.com
421,421,ShaunQuinn@university.com
422,422,AdrienAlbert@university.com
423,423,RaelynDavis@university.com
424,424,LouisRamos@university.com
425,425,RhysFischer@university.com
426,426,ItzelWitt@university.com
427,427,JusticePotts@university.com
428,428,HowardRodgers@university.com
429,429,MichaelaHess@university.com
430,430,KayaWiley@university.com
431,431,NoePowers@university.com
432,432,EstherEdwards@university.com
433,433,KatelynPate@university.com
434,434,CoryCase@university.com
435,435,BeatriceSloan@university.com
436,436,KamrenMayer@university.com
437,437,HarveyNash@university.com
438,438,BruceMccullough@university.com
439,439,DimitriHolcomb@university.com
440,440,KarisLe@university.com
441,441,AlisonFarrell@university.com
442,442,YulianaYoung@university.com
443,443,AllisonHampton@university.com
444,444,BlaineLogan@university.com
445,445,CarmenGeorge@university.com
446,446,DarwinHarper@university.com
447,447,BodhiBest@university.com
448,448,KarsonMcknight@university.com
449,449,LucianHale@university.com
450,450,TristinMichael@university.com
451,451,RowenTucker@university.com
452,452,ArianWoods@university.com
453,453,CharlotteJones@university.com
454,454,MinaRoberson@university.com
455,455,WesleyChristian@university.com
456,456,RubenRodriquez@university.com
457,457,AlissaLandry@university.com
458,458,TuckerLe@university.com
459,459,HaydenMurray@university.com
460,460,DarwinOlson@university.com
461,461,SloaneMcdowell@university.com
462,462,IsabelStark@university.com
463,463,WestonCruz@university.com
464,464,JohnathonBall@university.com
465,465,VanceOliver@university.com
466,466,JonasSims@university.com
467,467,AaronWalker@university.com
468,468,BiancaCalderon@university.com
469,469,JoseMeadows@university.com
470,470,TrevonAlbert@university.com
471,471,JadynBerry@university.com
472,472,TrystanWeeks@university.com
473,473,GaugeBeasley@university.com
474,474,AliaLangley@university.com
475,475,BrockSnyder@university.com
476,476,AriellaMalone@university.com
477,477,JeramiahAdams@university.com
478,478,JazlynHoover@university.com
479,479,JairoBaxter@university.com
480,480,AmyaPierce@university.com
481,481,RoryMercer@university.com
482,482,BraylinPreston@university.com
483,483,ChadMccarty@university.com
484,484,AryanaDorsey@university.com
485,485,MonicaDowns@university.com
486,486,KylahHull@university.com
487,487,RyleighPaul@university.com
488,488,AlenaFox@university.com
489,489,BaileeEspinoza@university.com
490,490,EvelynJoyce@university.com
491,491,AbrielleEstes@university.com
492,492,HayleeAlexander@university.com
493,493,JaredTran@university.com
494,494,SethMarquez@university.com
495,495,AriFrye@university.com
496,496,AliceHayes@university.com
497,497,PrincetonEngland@university.com
498,498,DesmondSnider@university.com
499,499,EliseoPeterson@university.com
500,500,CoreyKoch@university.com
501,501,RyleighSexton@university.com
502,502,PatrickBooth@university.com
503,503,AlayaCardenas@university.com
504,504,HayleighMcintyre@university.com
505,505,ClareGoff@university.com
506,506,ErnestoMay@university.com
507,507,KyleHenderson@university.com
508,508,EugeneLamb@university.com
509,509,VirginiaDunn@university.com
510,510,IshaanBrennan@university.com
511,511,JanessaCarey@university.com
512,512,AddilynPatrick@university.com
513,513,ZuriRamos@university.com
514,514,KamilaBest@university.com
515,515,CamilaWong@university.com
516,516,KendallGill@university.com
517,517,CorbinWhitaker@university.com
518,518,ZaidenWhitaker@university.com
519,519,CassidyContreras@university.com
520,520,WilsonAvery@university.com
521,521,JoeyBentley@university.com
522,522,JosueHicks@university.com
523,523,SabrinaMorrow@university.com
524,524,StephanieJoseph@university.com
525,525,AnneBauer@university.com
526,526,MadisynBowen@university.com
527,527,FelicityWong@university.com
528,528,JerimiahKennedy@university.com
529,529,KarlySalazar@university.com
530,530,FaithLancaster@university.com
531,531,AlvinHarmon@university.com
532,532,AliannaParrish@university.com
533,533,HughPena@university.com
534,534,TommyBradshaw@university.com
535,535,ColtSampson@university.com
536,536,LuisPotter@university.com
537,537,CatherineMcknight@university.com
538,538,HaroldWilliams@university.com
539,539,KylieRoach@university.com
540,540,RogelioFrazier@university.com
541,541,JorgeHorne@university.com
542,542,NashHull@university.com
543,543,CherishNieves@university.com
544,544,CharlieSosa@university.com
545,545,NovaLara@university.com
546,546,KarsonHaney@university.com
547,547,BeckhamShort@university.com
548,548,HayleySoto@university.com
549,549,SergioNichols@university.com
550,550,RykerStuart@university.com
551,551,EanTodd@university.com
552,552,JerimiahDean@university.com
553,553,TomasLeon@university.com
554,554,JaxsonAtkins@university.com
555,555,FletcherAshley@university.com
556,556,AnnCrane@university.com
557,557,AlexisVelez@university.com
558,558,IsaiFloyd@university.com
559,559,DanteAguilar@university.com
560,560,AlizaHickman@university.com
561,561,TroySalazar@university.com
562,562,ZavierBlair@university.com
563,563,CayleeMerrill@university.com
564,564,BeckhamDickson@university.com
565,565,ReeseAguirre@university.com
566,566,KendraMalone@university.com
567,567,CeceliaSellers@university.com
568,568,TraceLe@university.com
569,569,JordenAvery@university.com
570,570,RoninMccoy@university.com
571,571,BrunoBolton@university.com
572,572,AliParker@university.com
573,573,SkylaBolton@university.com
574,574,AntonioSantiago@university.com
575,575,PaolaHenson@university.com
576,576,ChanelRowland@university.com
577,577,KaylieBaird@university.com
578,578,IzayahOconnor@university.com
579,579,WalterHouston@university.com
580,580,DangeloPalmer@university.com
581,581,KelseyFoster@university.com
582,582,GenesisWilcox@university.com
583,583,YehudaBradshaw@university.com
584,584,PaisleyNelson@university.com
585,585,MiyaDalton@university.com
586,586,DarnellGolden@university.com
587,587,EdgarChambers@university.com
588,588,ShaniyaReese@university.com
589,589,TarynHopper@university.com
590,590,BrianWalls@university.com
591,591,GavynEnglish@university.com
592,592,KendalMacias@university.com
593,593,SoniaOconnor@university.com
594,594,ZaraBass@university.com
595,595,VivianFrazier@university.com
596,596,NicolasGutierrez@university.com
597,597,CallumPollard@university.com
598,598,PierreFerguson@university.com
599,599,AnnieBowers@university.com
600,600,ValeriaPatel@university.com
601,601,ClintonSoto@university.com
602,602,MariaAvery@university.com
603,603,MarcelPacheco@university.com
604,604,IngridLindsay@university.com
605,605,AlinaGaines@university.com
606,606,ThaddeusHarmon@university.com
607,607,LilithCarrillo@university.com
608,608,AsaBlanchard@university.com
609,609,EugenePeck@university.com
610,610,DerekAguirre@university.com
611,611,KylerElliott@university.com
612,612,JaelynMcmahon@university.com
613,613,RenataGoodwin@university.com
614,614,SabrinaHensley@university.com
615,615,LukeMccray@university.com
616,616,AkiraGross@university.com
617,617,TatumMorrison@university.com
618,618,HarrisonWood@university.com
619,619,CorbanBoyle@university.com
620,620,VivianaDejesus@university.com
621,621,LukasGarrison@university.com
622,622,RuthOlson@university.com
623,623,CrystalHolder@university.com
624,624,RowanHolloway@university.com
625,625,UrijahPeterson@university.com
626,626,JalenShepard@university.com
627,627,ChadRowland@university.com
628,628,SantosMorin@university.com
629,629,ZariyahMann@university.com
630,630,ErnestoMiller@university.com
631,631,AzariaSchneider@university.com
632,632,LaylaGarza@university.com
633,633,FlynnMorton@university.com
634,634,MckennaMccormick@university.com
635,635,LilliannaUnderwood@university.com
636,636,JasperBrewer@university.com
637,637,MakhiPowers@university.com
638,638,AlenaBlackburn@university.com
639,639,MadisonHaley@university.com
640,640,EmersonMitchell@university.com
641,641,MatthewKnowles@university.com
642,642,WillieHopper@university.com
643,643,EmeliaLove@university.com
644,644,HaylieOsborne@university.com
645,645,FernandaElliott@university.com
646,646,StevenCarr@university.com
647,647,SavannahPatrick@university.com
648,648,MaggieAustin@university.com
649,649,AydanCampbell@university.com
650,650,BryantMaxwell@university.com
651,651,AllyGraves@university.com
652,652,LailaAtkinson@university.com
653,653,BritneySanchez@university.com
654,654,TheodoreHardy@university.com
655,655,HaileeMercer@university.com
656,656,RyannDaniel@university.com
657,657,EverettWatkins@university.com
658,658,JadielSolomon@university.com
659,659,TeganRichard@university.com
660,660,RosaCaldwell@university.com
661,661,RoselynBright@university.com
662,662,KassandraReilly@university.com
663,663,LukaChan@university.com
664,664,RaymondFinley@university.com
665,665,TarajiHolland@university.com
666,666,MohamedHicks@university.com
667,667,TravisSkinner@university.com
668,668,JaxOdom@university.com
669,669,WilsonWeeks@university.com
670,670,BrockBarr@university.com
671,671,KolbyMoore@university.com
672,672,AllieGuzman@university.com
673,673,RiyaBenjamin@university.com
674,674,PaitynOrtiz@university.com
675,675,SylviaGlenn@university.com
676,676,KaiyaFoley@university.com
677,677,AyanaVasquez@university.com
678,678,AngelineVelasquez@university.com
679,679,KellenWhite@university.com
680,680,TiffanyWagner@university.com
681,681,JosephineSolis@university.com
682,682,MilaGross@university.com
683,683,JazmineRoberts@university.com
684,684,GisellePugh@university.com
685,685,EmeryAvila@university.com
686,686,ShaunDaniel@university.com
687,687,KassidyDunlap@university.com
688,688,ArmandoMoss@university.com
689,689,MakenzieButler@university.com
690,690,LiviaAllison@university.com
691,691,SavannaDaniel@university.com
692,692,RykerCardenas@university.com
693,693,JazlynnEngland@university.com
694,694,HaleighMercer@university.com
695,695,TalonGuzman@university.com
696,696,JakeCarver@university.com
697,697,KarterWilliams@university.com
698,698,MercedesBradley@university.com
699,699,YaretziParks@university.com
700,700,HaydenDyer@university.com
701,701,KadenceCarver@university.com
702,702,DesireeGreen@university.com
703,703,AngelineMorgan@university.com
704,704,WhitneyJennings@university.com
705,705,IsmaelBarrett@university.com
706,706,MariaFarrell@university.com
707,707,LaceyHobbs@university.com
708,708,AliaMcmillan@university.com
709,709,AbigailPotts@university.com
710,710,RaphaelMcfarland@university.com
711,711,SiennaDuran@university.com
712,712,BroderickGarrison@university.com
713,713,JensenSimmons@university.com
714,714,JusticeHarvey@university.com
715,715,AlessandraBennett@university.com
716,716,DakotaDunlap@university.com
717,717,AiyanaCarpenter@university.com
718,718,DelilahJimenez@university.com
719,719,AlyviaMack@university.com
720,720,BraidenPhillips@university.com
721,721,DemarcusMartinez@university.com
722,722,CarmenClark@university.com
723,723,LiaSantana@university.com
724,724,JulianSnyder@university.com
725,725,SamsonMaddox@university.com
726,726,HattieMckenzie@university.com
727,727,LucianMcclain@university.com
728,728,PhoebeCurry@university.com
729,729,KaitlinShannon@university.com
730,730,MiguelCote@university.com
731,731,VictorFranklin@university.com
732,732,LeilaniGlenn@university.com
733,733,EdenFitzgerald@university.com
734,734,MichelleMccullough@university.com
735,735,MaximoGuy@university.com
736,736,ZaneSuarez@university.com
737,737,CyrusMontgomery@university.com
738,738,BrileyEspinoza@university.com
739,739,PhoebePearson@university.com
740,740,DeannaHancock@university.com
741,741,ElleFischer@university.com
742,742,GabrielWalton@university.com
743,743,DiegoBentley@university.com
744,744,AylinBarker@university.com
745,745,TaylorJordan@university.com
746,746,LaceyLandry@university.com
747,747,JeanHorne@university.com
748,748,NicolasNelson@university.com
749,749,AbrielleShaffer@university.com
750,750,TaliyahSnider@university.com
751,751,CamronSchroeder@university.com
752,752,DamionHale@university.com
753,753,ShilohPace@university.com
754,754,WillHunt@university.com
755,755,HannahPetersen@university.com
756,756,BowenJones@university.com
757,757,TaliyahMcguire@university.com
758,758,NataleeEverett@university.com
759,759,AdelinePorter@university.com
760,760,ValentinEspinoza@university.com
761,761,BradenWhitley@university.com
762,762,SoniaWilkinson@university.com
763,763,SalvadorNorris@university.com
764,764,TrinityMcfadden@university.com
765,765,MelanyGlover@university.com
766,766,ColemanSweet@university.com
767,767,AdelynHall@university.com
768,768,KassandraPeck@university.com
769,769,JaxtonNash@university.com
770,770,AlexzanderWhitehead@university.com
771,771,WayneRichardson@university.com
772,772,TomasGood@university.com
773,773,LennonLong@university.com
774,774,MillieStephenson@university.com
775,775,MakhiRead@university.com
776,776,LilaLandry@university.com
777,777,JakobWitt@university.com
778,778,JuliaMckinney@university.com
779,779,KamilaPayne@university.com
780,780,TristianBerry@university.com
781,781,BeckettTalley@university.com
782,782,YandelValdez@university.com
783,783,ReneeWalter@university.com
784,784,HectorMooney@university.com
785,785,CannonFuller@university.com
786,786,MiraHayden@university.com
787,787,BrinleyEllison@university.com
788,788,KristinaFaulkner@university.com
789,789,EmersonCarson@university.com
790,790,KatelynnKramer@university.com
791,791,FinleyJones@university.com
792,792,YaretziDalton@university.com
793,793,DelilahAdams@university.com
794,794,MckenzieMayer@university.com
795,795,ZacharySutton@university.com
796,796,RickyHatfield@university.com
797,797,DarnellTran@university.com
798,798,RashadGarcia@university.com
799,799,LayneMcgee@university.com
800,800,ZaidenAustin@university.com
801,801,BradleyCarson@university.com
802,802,EvaLeblanc@university.com
803,803,NoeColeman@university.com
804,804,RalphCase@university.com
805,805,BraelynDuncan@university.com
806,806,ClareSampson@university.com
807,807,CrewCohen@university.com
808,808,VivianSanders@university.com
809,809,AustinGlover@university.com
810,810,DemetriusYoung@university.com
811,811,TiannaMayo@university.com
812,812,HayesPayne@university.com
813,813,JazmynWhitley@university.com
814,814,HassanFletcher@university.com
815,815,SalmaFarmer@university.com
816,816,MeredithFoster@university.com
817,817,JayleneSexton@university.com
818,818,AdrienReese@university.com
819,819,BrendenHarris@university.com
820,820,CrosbyRiley@university.com
821,821,CrosbyOliver@university.com
822,822,NatalyMorrow@university.com
823,823,AidenLucas@university.com
824,824,DemarcusVargas@university.com
825,825,KaneJames@university.com
826,826,JordanBrowning@university.com
827,827,JordanChen@university.com
828,828,LillianMartinez@university.com
829,829,RaelynCollins@university.com
830,830,AmirahAlvarado@university.com
831,831,IkerBall@university.com
832,832,CarolinaHopkins@university.com
833,833,SkylerWard@university.com
834,834,EdithHodges@university.com
835,835,DanicaRowland@university.com
836,836,QuintinTate@university.com
837,837,RylandContreras@university.com
838,838,HowardSimmons@university.com
839,839,JaylinSears@university.com
840,840,ZacheryRoman@university.com
841,841,BillyCoffey@university.com
842,842,BrodyFleming@university.com
843,843,EdenFletcher@university.com
844,844,KarterStephenson@university.com
845,845,RandallMcdonald@university.com
846,846,PiperDurham@university.com
847,847,MadisynWelch@university.com
848,848,AdrielBrowning@university.com
849,849,NadiaChurch@university.com
850,850,TreyFuller@university.com
851,851,AliceCannon@university.com
852,852,GilbertoBennett@university.com
853,853,EmersonRush@university.com
854,854,MelvinMcdaniel@university.com
855,855,HannaSharp@university.com
856,856,JohnathonMathis@university.com
857,857,AryannaMacias@university.com
858,858,MaraCooper@university.com
859,859,JanessaDale@university.com
860,860,AliRoberson@university.com
861,861,KohenAlston@university.com
862,862,AadenMcdaniel@university.com
863,863,MalakaiParsons@university.com
864,864,GracelynRoth@university.com
865,865,HelenaWolf@university.com
866,866,CalePerry@university.com
867,867,TemperanceHolcomb@university.com
868,868,BrileyDavidson@university.com
869,869,BaileyMann@university.com
870,870,RhettTorres@university.com
871,871,CarmeloHuff@university.com
872,872,MyraOlsen@university.com
873,873,AlanaMorris@university.com
874,874,BrendaTucker@university.com
875,875,KaraRaymond@university.com
876,876,XavierLopez@university.com
877,877,AimeeReeves@university.com
878,878,AustinSlater@university.com
879,879,KaileyPittman@university.com
880,880,EmeryOchoa@university.com
881,881,AdelaideJimenez@university.com
882,882,LillianDale@university.com
883,883,WaylonAlvarez@university.com
884,884,AngelFreeman@university.com
885,885,BentlyHerrera@university.com
886,886,LeilaMoses@university.com
887,887,KarsynBriggs@university.com
888,888,AngelicaMadden@university.com
889,889,LeahMcleod@university.com
890,890,JohannaHarvey@university.com
891,891,DelilahSantos@university.com
892,892,AddilynDixon@university.com
893,893,AnabelRiddle@university.com
894,894,KoltenFrost@university.com
895,895,KaylynnCox@university.com
896,896,FrancescaBurt@university.com
897,897,KillianFulton@university.com
898,898,BrettDonovan@university.com
899,899,AngelinaDodson@university.com
900,900,JadaCrawford@university.com
901,901,MohamedBauer@university.com
902,902,RivkaJohnson@university.com
903,903,BryceMiller@university.com
904,904,LukaMorgan@university.com
905,905,BrianaMadden@university.com
906,906,DeeganJames@university.com
907,907,FelicityEllis@university.com
908,908,KarenTrujillo@university.com
909,909,JadonWashington@university.com
910,910,CaysonHopper@university.com
911,911,EzekielBuckley@university.com
912,912,AndersClayton@university.com
913,913,RemyDuffy@university.com
914,914,NeveahHunter@university.com
915,915,CaliThornton@university.com
916,916,NathalieBuck@university.com
917,917,RosaChandler@university.com
918,918,LawsonHarvey@university.com
919,919,DelaneyDeleon@university.com
920,920,DevanFlores@university.com
921,921,JemmaGuzman@university.com
922,922,DonovanBranch@university.com
923,923,KaiaSanchez@university.com
924,924,ErikaCompton@university.com
925,925,BriannaSavage@university.com
926,926,JerimiahLott@university.com
927,927,ZayneNewman@university.com
928,928,SelahBarrera@university.com
929,929,LianaPreston@university.com
930,930,JuniorPhelps@university.com
931,931,JaydenMorgan@university.com
932,932,LawrenceVaughn@university.com
933,933,ConradBlack@university.com
934,934,JennaCastillo@university.com
935,935,KendylJarvis@university.com
936,936,AlizaVazquez@university.com
937,937,IsmaelChristian@university.com
938,938,IsaiasGamble@university.com
939,939,PerlaCombs@university.com
940,940,KailynnGraves@university.com
941,941,JordenCortez@university.com
942,942,LianaPierce@university.com
943,943,BronsonVinson@university.com
944,944,JenniferChandler@university.com
945,945,BrynleeAyers@university.com
946,946,CynthiaBanks@university.com
947,947,ZackeryBlake@university.com
948,948,CamdynRoth@university.com
949,949,AlvaroKirkland@university.com
950,950,KyraTyler@university.com
951,951,MadilynGraves@university.com
952,952,MaeveGarrison@university.com
953,953,BelenMoore@university.com
954,954,JadenWebb@university.com
955,955,AlondraRobbins@university.com
956,956,JazlynnHolt@university.com
957,957,OscarWade@university.com
958,958,MadelineCervantes@university.com
959,959,MaximusSanders@university.com
960,960,FinleyPugh@university.com
961,961,CaydenBeach@university.com
962,962,ZionLucas@university.com
963,963,ReynaHinton@university.com
964,964,MaddenBell@university.com
965,965,RyleighLuna@university.com
966,966,ThaddeusOrtega@university.com
967,967,AveriHolman@university.com
968,968,AaronDillon@university.com
969,969,AyanaLindsay@university.com
970,970,CristianPalmer@university.com
971,971,DominicRuiz@university.com
972,972,AlijahMontoya@university.com
973,973,MadalynSweet@university.com
974,974,NoelMcintosh@university.com
975,975,BiancaHancock@university.com
976,976,IsiahRodriguez@university.com
977,977,DamionOconnor@university.com
978,978,PresleyJefferson@university.com
979,979,EfrainOdonnell@university.com
980,980,MiyaRogers@university.com
981,981,JoleneWhitaker@university.com
982,982,GiannaWynn@university.com
983,983,KaitlinMayer@university.com
984,984,HoldenCampos@university.com
985,985,LilithCampos@university.com
986,986,SageCalhoun@university.com
987,987,TeaganHendrix@university.com
988,988,CampbellChase@university.com
989,989,LexieRich@university.com
990,990,ReaganBarton@university.com
991,991,JohnnyCollins@university.com
992,992,ElishaPittman@university.com
993,993,CourtneyDale@university.com
994,994,GrahamReyes@university.com
995,995,CalvinKaufman@university.com
996,996,PiperDunn@university.com
997,997,EmmalynBarr@university.com
998,998,AudrinaSolis@university.com
999,999,TylerHarrell@university.com
1000,1000,CarolineBaker@university.com
