1,Adele,S,Rosales,1984-05-05
2,Justus,Z,Gomez,2007-04-06
3,Isiah,Z,Warner,1992-06-04
4,Erica,L,Campos,1994-05-14
5,Desmond,W,Valdez,1996-11-19
6,Arnav,R,Powers,2008-05-12
7,Ali,G,Bowen,1995-03-11
8,Malaya,U,Burgess,1984-09-14
9,Haleigh,M,Hopper,1997-07-24
10,Corey,Y,Mcclure,1997-05-15
11,Jacob,P,Dotson,2008-01-02
12,Aden,F,Petty,2007-12-02
13,Theodore,L,Acosta,1991-07-15
14,Harley,H,Manning,1996-03-15
15,Karma,N,Guerrero,2005-02-18
16,Legend,L,Olson,1990-03-13
17,Issac,A,Lee,2008-03-09
18,Maggie,I,York,1984-02-04
19,Amare,A,Hernandez,2000-09-17
20,Lilah,W,Abbott,1998-05-24
21,Eugene,R,Mathis,1997-02-04
22,Miya,K,Warren,1981-03-15
23,Muhammad,R,Scott,1996-11-06
24,Erik,Z,Mcmillan,2005-12-21
25,Valentino,P,Christensen,1991-01-10
26,Trystan,P,Barker,2001-08-07
27,Marcus,M,Owens,2003-08-25
28,Aylin,C,Joyner,2008-07-01
29,George,U,Richardson,1996-04-13
30,Scott,M,Wooten,2008-08-02
31,Monica,C,Roth,1997-03-20
32,Noemi,K,Shelton,2008-07-15
33,Maliyah,M,Ramsey,1996-07-16
34,Waylon,P,Bradley,1986-11-14
35,Laura,G,Herrera,1988-05-12
36,Lyric,S,Horton,2008-10-24
37,Deandre,F,Hopper,2007-03-31
38,Keyon,P,Hensley,2005-03-11
39,Luna,Y,Chan,2003-03-14
40,Arlo,T,Martin,1987-11-03
41,Finley,P,Saunders,1989-07-03
42,Lucas,I,Ball,1982-11-21
43,Carla,A,Hill,1986-05-29
44,Kara,G,Gould,2000-05-07
45,Jovani,H,Heath,1986-07-01
46,Liam,S,Parks,1991-01-30
47,Jeramiah,M,Stanley,1985-12-14
48,Armani,D,Hensley,1991-05-09
49,Kolton,Q,Hopkins,2005-02-08
50,Porter,U,Sears,1997-04-09
51,Jerome,Y,Jarvis,1983-03-14
52,Broderick,W,Terry,2005-12-25
53,Drake,X,Hammond,2007-06-13
54,Hassan,T,Carney,2003-11-05
55,Lara,X,Torres,2006-04-23
56,Sharon,X,Jefferson,1992-04-25
57,Jasmin,E,Cummings,1988-08-02
58,Rhys,Q,Herman,1988-03-05
59,Eden,M,Meyers,1986-04-11
60,Eddie,E,Clements,1994-11-21
61,Quincy,H,Goodwin,2004-09-30
62,Samiyah,I,Ortega,2007-08-23
63,Devon,P,Garcia,1995-09-10
64,Lillie,F,Hanson,2005-03-19
65,Evangeline,R,Mccall,1986-05-30
66,Freddy,N,Coleman,2002-10-20
67,Madden,D,Cross,1986-07-18
68,Damaris,O,Mckay,2007-09-02
69,Iliana,V,Blankenship,1995-09-22
70,Julieta,E,Wilder,2005-07-08
71,Selah,L,Mcpherson,2008-06-01
72,Jermaine,S,Kinney,2006-08-06
73,Haley,R,Smith,1980-04-04
74,Anna,Q,Cote,1989-02-22
75,Brielle,Q,Wilder,2003-04-18
76,Alejandra,H,Vaughan,1982-09-13
77,Deegan,E,Keith,1987-09-01
78,Joselyn,O,Randolph,2000-02-14
79,Brett,T,Spence,2000-03-26
80,Iker,Y,Owens,2007-07-18
81,Cherish,X,Monroe,1989-12-10
82,Max,H,Ballard,1997-10-13
83,Cali,B,Jefferson,1999-07-14
84,Analia,N,Patterson,1989-05-31
85,Sidney,T,Kerr,1991-03-06
86,Princeton,N,Mcintyre,1984-07-02
87,Reuben,I,Galloway,2001-08-01
88,Jean,H,Walters,1998-04-12
89,Josiah,W,Roberson,2001-11-14
90,Samantha,N,Dennis,1983-10-05
91,Juniper,C,Patton,1988-09-23
92,Macy,M,Hopper,1996-10-12
93,Fernanda,B,Williamson,1990-11-29
94,Jairo,O,Mcintyre,1990-12-09
95,Nicole,D,Kirby,1994-02-26
96,Pedro,P,Singleton,1985-01-17
97,Brendan,I,Foley,2001-08-28
98,Delaney,Z,Mathews,1987-03-18
99,Shane,Y,Casey,2003-02-19
100,Nathanael,B,Morrow,2006-03-28
101,Jensen,L,Mccall,2003-02-06
102,Maximo,R,Reid,2000-09-03
103,Krystal,X,Buckner,1985-07-26
104,Bennett,K,Green,2008-07-07
105,Kenny,N,Noel,1992-03-28
106,Scarlett,L,Wooten,2001-06-06
107,Carson,X,Calderon,1999-02-19
108,Cindy,K,Meyers,2000-09-18
109,Juan,Z,Leach,1980-05-20
110,Damaris,V,Clayton,1992-12-24
111,Adeline,S,Solomon,1995-03-08
112,Chad,F,Burris,1986-02-28
113,Joshua,I,Mckenzie,1984-08-14
114,Alani,C,Harmon,2006-03-06
115,Genevieve,J,Workman,1984-10-02
116,Casen,O,Donovan,1985-12-19
117,Toby,N,Reid,2008-05-09
118,Jaida,E,Martinez,2000-11-06
119,Faith,M,Walker,1992-08-10
120,Samara,L,Acosta,1992-05-08
121,Cortez,F,Hardy,1995-11-12
122,Mariano,G,Lyons,1988-03-24
123,Denise,B,George,1984-12-29
124,Kailey,Q,Hughes,2003-09-27
125,Aaron,S,Perez,1987-02-04
126,Elijah,B,Padilla,2001-11-19
127,Eileen,I,Salazar,1985-01-21
128,Alonzo,M,Yates,1995-11-01
129,Diego,B,Farrell,1997-08-17
130,Allan,O,Lucas,2004-11-09
131,Nathalie,I,Houston,1993-09-29
132,Ashlyn,R,Weeks,1982-08-05
133,Alonso,F,Wall,2007-09-02
134,Xavier,I,Schwartz,1988-03-24
135,Jakob,H,Chang,1981-02-21
136,Solomon,F,Mueller,1992-12-11
137,Dominic,G,Mcintyre,2004-07-31
138,Arlo,H,Tran,1980-09-19
139,Alicia,Y,Vance,1986-01-10
140,Rayden,R,Harding,1996-05-14
141,Colton,E,Jarvis,1989-07-13
142,Justin,Y,Gamble,2006-05-31
143,Journey,L,Hodge,1981-05-08
144,Yamilet,D,Delgado,2006-02-16
145,Cullen,R,Dixon,1988-11-11
146,Bentley,M,Sykes,1998-09-13
147,Ashtyn,C,Morgan,2000-07-22
148,Claudia,P,England,2001-04-03
149,Saul,R,Wiley,1998-10-08
150,Riley,P,Villarreal,2004-09-30
151,Ashlynn,F,Bradley,1993-04-01
152,Leighton,N,Holder,1991-06-20
153,Masen,V,Hamilton,2007-03-30
154,Frances,C,Sampson,1997-07-04
155,Kareem,J,Wolfe,1999-05-22
156,Ariel,E,Kramer,1983-03-10
157,Will,K,Underwood,1986-08-24
158,Case,B,Salinas,1989-10-28
159,Elyse,B,Rowe,1989-02-18
160,Zavier,Z,Mercado,1997-04-16
161,Ivy,H,Black,2002-01-25
162,Jason,C,Hubbard,2001-07-29
163,Leighton,L,Richard,1991-05-20
164,Payton,D,Vinson,1991-10-01
165,Carter,I,Cervantes,2004-04-04
166,Hannah,Q,Dalton,2002-08-19
167,Jaydon,L,Jarvis,2004-02-06
168,Bruno,F,Warner,1984-03-07
169,Chaim,B,Carr,2004-08-21
170,Elin,I,Bryan,1981-07-06
171,Mikayla,P,Cotton,1980-10-23
172,Angela,A,Mcconnell,1987-12-24
173,Moses,U,Winters,1992-08-23
174,Declan,X,Jarvis,1987-04-10
175,Rayne,L,Glover,1991-11-14
176,Bennett,B,Vega,1992-07-07
177,Elizabeth,R,Cross,1999-04-28
178,Krystal,V,Mendoza,1984-11-06
179,Raven,F,Mcfadden,2003-02-09
180,Jerimiah,V,Russell,1982-11-18
181,Carolina,H,Stuart,2008-11-17
182,Linda,V,Mccall,2004-11-04
183,Braden,Z,Collins,1985-05-21
184,Danica,H,Rhodes,1985-06-29
185,Raul,Y,Berg,1998-12-19
186,Livia,J,Bishop,1992-04-25
187,Anabella,J,Pierce,2001-02-23
188,Meadow,E,Fields,1980-08-02
189,Ryann,M,Snider,1989-10-13
190,Morgan,N,Cantu,1987-08-08
191,Heath,N,Wilkins,1993-08-18
192,Liv,O,Maxwell,1980-12-26
193,Xander,P,Romero,1995-08-06
194,Moses,Z,Mcclain,2003-02-01
195,Seamus,R,Lawson,1998-06-03
196,Jaelyn,D,Sullivan,1992-08-22
197,Dustin,G,Joyce,1992-11-21
198,Hayleigh,A,Barrera,1995-09-11
199,Aleena,V,Owen,1998-11-25
200,Bryson,S,Miller,1986-04-26
201,Taryn,D,Garza,2008-04-26
202,Gwyneth,Y,Lowe,2006-02-19
203,Raphael,J,Mcfadden,1990-05-16
204,Julieta,C,David,2000-05-19
205,Lennon,D,Sparks,1994-09-22
206,Emery,X,Vega,1986-07-07
207,Iliana,N,Cooke,2004-10-02
208,Talon,K,Logan,1981-11-17
209,Louis,F,Beck,1983-06-18
210,Trace,V,Randolph,1992-04-20
211,Samson,K,Tanner,2008-06-23
212,Troy,O,Stephenson,1996-12-13
213,Jordyn,W,Pitts,1987-10-04
214,Judith,J,Rowland,2002-10-28
215,Zariah,L,Short,1988-05-22
216,Brynlee,R,Hebert,1982-06-05
217,Maurice,E,Rosario,2005-06-21
218,Heidi,Y,Simmons,2007-09-01
219,Lindsay,H,Church,1989-07-21
220,Julissa,F,Harding,2007-12-11
221,Sophie,V,Mclaughlin,1998-08-24
222,Hugh,M,Lang,2007-09-24
223,Ismael,J,Gillespie,1998-09-04
224,Eli,U,Vance,2002-10-21
225,Yareli,E,George,2000-05-16
226,Sterling,D,Camacho,1989-10-15
227,Jamie,E,Hutchinson,1986-03-13
228,Branson,B,Wilson,1986-11-17
229,Bennett,P,Hull,1995-12-24
230,Kailynn,E,Rush,1985-12-14
231,Micah,P,Browning,1998-11-25
232,Dean,B,Shannon,1994-08-02
233,Kaylynn,H,Wall,1998-02-20
234,Vincenzo,N,Floyd,2008-04-29
235,Princess,D,Klein,2006-04-01
236,Gavin,W,Conrad,1983-03-28
237,Brendan,K,Leblanc,2007-09-25
238,Krystal,O,Gates,1992-01-15
239,Triston,Z,Tanner,2001-10-13
240,Danny,V,Dunn,2002-06-08
241,Janiya,K,Flowers,1995-03-10
242,Catalina,V,Robbins,1997-12-04
243,Jadyn,O,Bradford,1992-07-27
244,Isai,L,Dunn,1984-05-08
245,Ashton,J,Smith,1980-07-30
246,Madalyn,Q,Giles,1997-01-10
247,Heaven,J,Stone,1984-09-23
248,Lilah,A,Witt,2004-09-05
249,Joy,A,Molina,1994-08-03
250,Journey,T,Campos,1999-04-11
251,Madden,G,Bryant,2006-10-04
252,Hugh,D,Bryant,1993-04-10
253,Reuben,B,Vinson,1994-03-21
254,Corban,E,Flores,2002-06-23
255,Danny,V,Montoya,2000-08-17
256,Katie,X,Miller,2004-07-18
257,Journee,A,Ross,1989-05-29
258,Reed,P,Sheppard,2008-12-03
259,Jerimiah,S,Galloway,1998-10-19
260,Gauge,B,Griffith,2006-06-08
261,Sariyah,A,Hanson,2002-01-27
262,Tessa,T,Scott,1983-01-06
263,Kristian,C,Davidson,1982-05-24
264,Maritza,R,Roman,1985-04-24
265,Aiyana,O,Koch,1996-12-24
266,Gunner,C,Grant,2000-06-08
267,Haley,P,Fletcher,1996-05-28
268,Amir,Z,Molina,1984-12-04
269,Remington,X,Goodwin,1988-04-10
270,Julian,L,Cannon,2001-04-01
271,Sariah,O,Downs,2002-01-10
272,Malaya,M,Dalton,2006-04-07
273,Isaiah,P,Hester,1996-05-24
274,Genesis,K,Nixon,1994-11-21
275,Raven,G,Byrd,1982-05-13
276,Melanie,O,Cantu,1998-08-07
277,Kaylee,L,Bridges,2003-06-14
278,Zaniyah,G,Oconnor,1992-06-26
279,Emmalee,Z,Franklin,2003-03-16
280,Adelina,Q,Anderson,2002-11-18
281,Darryl,D,Lynn,1997-10-19
282,Jaron,I,Lindsey,1988-01-02
283,Danny,L,Mccoy,2005-10-06
284,Kylie,N,Walters,1988-11-20
285,Mariyah,S,Richard,2007-12-12
286,Jaylin,G,Perkins,1980-05-28
287,Mason,V,Parker,2004-02-11
288,Roselyn,X,Tyler,1981-09-22
289,Kylee,A,Rosario,1982-03-04
290,Leonel,W,Joseph,1983-08-10
291,Annabell,K,Andrews,1999-01-12
292,Ana,J,Potter,1992-11-24
293,Leonardo,B,Mayer,1997-07-02
294,Jonah,E,Morton,1980-05-18
295,Giovanna,B,Jacobs,1990-09-12
296,Keegan,F,Griffith,1996-01-01
297,Meghan,A,Berger,1993-05-16
298,Landen,I,Huber,1983-05-02
299,Warren,K,Witt,2002-04-13
300,Diana,F,Hardy,2008-05-05
301,Maria,G,Crawford,1981-09-20
302,Maddison,I,Watson,1997-02-11
303,Griffin,P,Jefferson,1987-05-06
304,Bridger,M,Frye,1999-08-12
305,Josiah,P,Sloan,1989-12-31
306,Jaiden,X,Molina,1998-08-08
307,Kendall,L,Colon,1987-10-10
308,Harper,S,Guthrie,1993-05-09
309,Bruno,N,Rowe,1997-09-18
310,Lamar,Q,Frost,1981-12-01
311,Kevin,W,Lewis,1980-02-04
312,Kai,C,Sloan,2008-03-11
313,Simone,M,Coleman,2003-12-18
314,Marlene,T,Blanchard,1980-09-30
315,Rowan,P,Lawson,1996-10-18
316,Ava,H,Velez,1996-08-13
317,Noemi,Z,Griffin,1985-12-25
318,Bree,O,Tyson,1980-08-24
319,Sloane,T,Mcdaniel,2000-01-12
320,Johnny,Q,Orr,1994-02-02
321,Irene,Z,Newton,1998-03-16
322,Emily,T,Sweet,2003-09-19
323,Presley,I,Moore,2000-02-16
324,Jaida,X,Kirk,1984-05-08
325,Cale,B,Rutledge,1994-07-17
326,Kyson,U,Lynn,2006-10-13
327,Alexis,I,Mcmillan,1986-04-07
328,Isis,L,Lara,2005-03-08
329,Remington,A,Warren,2008-08-04
330,Leland,Y,Kennedy,1992-12-22
331,Messiah,I,Mullen,2008-08-25
332,Sara,B,Noble,2008-06-08
333,Briella,H,Hurley,1988-12-15
334,Winston,Z,Hutchinson,1988-09-16
335,Dane,T,Atkinson,1982-12-04
336,Amare,J,Shaffer,1997-02-16
337,Jaron,A,Maldonado,1989-08-25
338,Mohammad,J,Dickson,2000-01-18
339,Alessandro,H,Bird,1986-08-06
340,Abigail,H,Witt,2003-06-29
341,Monica,Q,Cantu,1997-10-18
342,Everett,P,Zimmerman,2000-02-29
343,Audriana,G,Miranda,2003-06-09
344,Tatiana,N,Noble,1982-07-14
345,Nahla,C,Johnston,1999-08-15
346,Janiyah,O,Welch,1996-02-15
347,Blake,U,Keller,1995-10-23
348,Aaden,Y,West,2005-08-23
349,Jaylene,R,Delacruz,1999-01-10
350,Camila,P,Sanders,1995-06-09
351,George,M,Pena,2007-06-06
352,Branden,S,Langley,1989-10-06
353,Cortez,U,Davidson,2000-06-16
354,Gage,Q,Wilder,1991-04-20
355,Londyn,I,Wyatt,1986-03-07
356,Lennox,P,Graves,2007-11-12
357,Sonia,Z,Dickson,1980-10-06
358,Finnegan,G,Becker,1981-09-16
359,Juliette,L,Parrish,2002-05-19
360,Jamari,E,Barrera,1994-05-18
361,Kennedy,V,Harris,1988-10-22
362,Giada,C,Fernandez,1986-08-10
363,Damaris,V,Norris,1990-09-18
364,Maximiliano,A,Sawyer,1993-12-14
365,Norah,Z,Sloan,1999-03-10
366,Savanna,Q,Cabrera,1994-06-02
367,Caroline,B,Le,1980-09-16
368,Cameron,V,Short,2001-08-22
369,Andre,M,Mcintyre,1988-01-24
370,Elianna,W,Howard,2001-06-12
371,Deangelo,T,Rose,1995-08-20
372,Elisa,S,Thornton,1993-08-18
373,Iliana,N,Strickland,1995-09-28
374,Kaitlynn,Q,Nieves,2005-02-20
375,Raelyn,C,Ruiz,1989-03-17
376,Chaim,S,Hodge,1991-09-08
377,Griffin,H,Sullivan,2005-07-05
378,Shelby,Z,Harper,1986-07-17
379,Brayan,A,Castaneda,1985-09-18
380,Kameron,F,Morton,1986-08-31
381,Payton,I,Vaughn,1989-09-13
382,Lilia,V,Nichols,1983-02-02
383,Ivy,L,Maynard,1987-07-30
384,Arian,R,Burns,1990-02-18
385,Kyler,I,Alford,1988-05-24
386,Charlee,N,Wallace,1999-11-30
387,Josue,G,Martin,1986-06-16
388,Esteban,U,Gregory,2002-11-24
389,Vihaan,T,Palmer,1980-12-29
390,Samuel,G,Yang,1983-10-18
391,Kaylee,S,May,1996-11-18
392,Kellan,B,Cannon,1989-01-17
393,Harrison,U,Hickman,1990-04-04
394,Kaliyah,R,Cervantes,2005-12-11
395,Frankie,J,Rosales,1994-12-01
396,Geraldine,Y,Marsh,2003-11-29
397,Kylan,W,Sellers,1994-02-21
398,Mina,G,Page,2003-12-13
399,Journee,F,Kemp,1988-08-03
400,June,H,Hodge,1997-08-31
401,Joe,Y,Bonner,2004-01-23
402,Macie,Q,Hansen,2002-11-10
403,Jacey,A,Randolph,1983-08-07
404,Natalia,V,Mcbride,1988-02-22
405,Madalyn,J,Ayers,2005-03-12
406,Eduardo,B,Chapman,1993-10-29
407,Kendra,V,Browning,2000-12-22
408,Aimee,H,Joseph,2006-02-15
409,Nevaeh,D,Gibbs,1986-04-24
410,Casey,V,Mann,1984-12-09
411,Francisco,V,Love,2003-07-13
412,Keyon,U,Richard,1997-06-13
413,Taylor,O,Mccormick,1983-05-07
414,Stephen,M,Branch,1980-08-11
415,Emmalyn,R,Conrad,1989-05-30
416,Davon,D,Gould,1992-03-24
417,Quinten,I,Maxwell,1999-03-03
418,Albert,Z,Burns,2005-12-15
419,Braylen,L,Tucker,2005-08-26
420,Ana,Y,Hodges,2005-01-01
421,Shaun,R,Quinn,2000-01-19
422,Adrien,N,Albert,1988-03-30
423,Raelyn,N,Davis,1980-02-18
424,Louis,N,Ramos,1981-12-22
425,Rhys,X,Fischer,1989-02-25
426,Itzel,C,Witt,1985-12-08
427,Justice,Q,Potts,1992-09-15
428,Howard,T,Rodgers,2004-05-18
429,Michaela,I,Hess,2005-04-28
430,Kaya,K,Wiley,1992-07-09
431,Noe,O,Powers,1990-11-07
432,Esther,T,Edwards,1984-06-13
433,Katelyn,F,Pate,2004-05-11
434,Cory,I,Case,1993-05-07
435,Beatrice,X,Sloan,2001-02-27
436,Kamren,N,Mayer,2004-07-31
437,Harvey,E,Nash,1992-09-26
438,Bruce,I,Mccullough,1998-04-09
439,Dimitri,P,Holcomb,2000-01-19
440,Karis,C,Le,1988-07-15
441,Alison,K,Farrell,2004-04-12
442,Yuliana,G,Young,2003-10-18
443,Allison,E,Hampton,1998-11-20
444,Blaine,F,Logan,1999-01-09
445,Carmen,F,George,1995-09-15
446,Darwin,X,Harper,1996-01-16
447,Bodhi,J,Best,1996-07-06
448,Karson,L,Mcknight,1999-11-28
449,Lucian,E,Hale,1997-07-27
450,Tristin,F,Michael,1991-01-07
451,Rowen,P,Tucker,1998-06-04
452,Arian,O,Woods,1995-07-10
453,Charlotte,C,Jones,1991-08-31
454,Mina,F,Roberson,1998-09-02
455,Wesley,U,Christian,1982-11-22
456,Ruben,T,Rodriquez,1989-01-12
457,Alissa,Z,Landry,1980-01-08
458,Tucker,Z,Le,1983-04-28
459,Hayden,N,Murray,1980-09-04
460,Darwin,D,Olson,1984-12-17
461,Sloane,W,Mcdowell,1994-03-19
462,Isabel,O,Stark,1985-01-21
463,Weston,C,Cruz,1997-05-21
464,Johnathon,Q,Ball,1982-06-01
465,Vance,Y,Oliver,1986-10-22
466,Jonas,X,Sims,1987-10-14
467,Aaron,K,Walker,1983-03-29
468,Bianca,B,Calderon,1982-01-05
469,Jose,B,Meadows,2006-10-15
470,Trevon,E,Albert,1996-07-27
471,Jadyn,W,Berry,1993-04-05
472,Trystan,M,Weeks,1996-11-10
473,Gauge,A,Beasley,2006-09-12
474,Alia,T,Langley,1984-06-11
475,Brock,K,Snyder,1990-12-13
476,Ariella,Z,Malone,2007-05-10
477,Jeramiah,Y,Adams,2007-12-12
478,Jazlyn,V,Hoover,2005-01-15
479,Jairo,M,Baxter,1999-01-12
480,Amya,I,Pierce,1985-06-11
481,Rory,T,Mercer,2004-09-26
482,Braylin,P,Preston,1995-09-21
483,Chad,E,Mccarty,1987-06-29
484,Aryana,I,Dorsey,2004-04-09
485,Monica,V,Downs,1991-05-04
486,Kylah,P,Hull,1982-01-30
487,Ryleigh,B,Paul,2005-11-25
488,Alena,X,Fox,1998-07-25
489,Bailee,W,Espinoza,1986-10-28
490,Evelyn,L,Joyce,1990-12-13
491,Abrielle,H,Estes,1984-05-12
492,Haylee,X,Alexander,2004-07-12
493,Jared,K,Tran,1984-10-19
494,Seth,R,Marquez,1993-10-30
495,Ari,Y,Frye,1998-08-16
496,Alice,P,Hayes,1998-12-04
497,Princeton,G,England,1983-04-14
498,Desmond,Z,Snider,1990-09-06
499,Eliseo,X,Peterson,1987-08-16
500,Corey,M,Koch,2004-07-26
501,Ryleigh,M,Sexton,1997-04-18
502,Patrick,T,Booth,2002-05-02
503,Alaya,T,Cardenas,2002-09-24
504,Hayleigh,T,Mcintyre,1997-12-11
505,Clare,K,Goff,1994-09-28
506,Ernesto,F,May,1989-03-04
507,Kyle,T,Henderson,2002-03-04
508,Eugene,S,Lamb,1985-11-22
509,Virginia,R,Dunn,1992-02-25
510,Ishaan,Z,Brennan,2005-08-30
511,Janessa,B,Carey,1988-03-08
512,Addilyn,X,Patrick,2001-02-18
513,Zuri,U,Ramos,1986-04-09
514,Kamila,B,Best,1990-11-14
515,Camila,V,Wong,2006-03-26
516,Kendall,Q,Gill,1991-11-27
517,Corbin,C,Whitaker,2005-01-13
518,Zaiden,Y,Whitaker,1985-10-10
519,Cassidy,E,Contreras,2005-01-05
520,Wilson,K,Avery,2004-06-27
521,Joey,Q,Bentley,1980-02-28
522,Josue,T,Hicks,1983-01-03
523,Sabrina,J,Morrow,1997-04-06
524,Stephanie,C,Joseph,1982-09-19
525,Anne,D,Bauer,2005-12-21
526,Madisyn,N,Bowen,1983-07-11
527,Felicity,W,Wong,1994-08-04
528,Jerimiah,R,Kennedy,1996-10-31
529,Karly,H,Salazar,1987-08-03
530,Faith,Y,Lancaster,2008-06-30
531,Alvin,Z,Harmon,1987-08-08
532,Alianna,U,Parrish,2001-10-22
533,Hugh,D,Pena,2003-12-18
534,Tommy,K,Bradshaw,2008-09-26
535,Colt,T,Sampson,2000-12-22
536,Luis,Y,Potter,2000-12-19
537,Catherine,Y,Mcknight,1997-03-05
538,Harold,J,Williams,1981-07-31
539,Kylie,J,Roach,1981-02-11
540,Rogelio,K,Frazier,1987-07-26
541,Jorge,G,Horne,1999-04-23
542,Nash,A,Hull,1994-10-27
543,Cherish,J,Nieves,1988-02-25
544,Charlie,W,Sosa,2000-10-11
545,Nova,L,Lara,1985-09-27
546,Karson,D,Haney,2005-02-05
547,Beckham,Q,Short,1984-02-17
548,Hayley,X,Soto,2003-03-10
549,Sergio,Q,Nichols,1991-04-13
550,Ryker,F,Stuart,1982-03-27
551,Ean,T,Todd,1993-12-23
552,Jerimiah,B,Dean,1983-11-25
553,Tomas,T,Leon,2001-03-24
554,Jaxson,Z,Atkins,2004-10-15
555,Fletcher,O,Ashley,1989-12-31
556,Ann,U,Crane,1998-06-18
557,Alexis,T,Velez,2003-06-08
558,Isai,X,Floyd,1991-04-16
559,Dante,P,Aguilar,1988-12-03
560,Aliza,I,Hickman,1993-05-14
561,Troy,F,Salazar,1997-02-23
562,Zavier,L,Blair,1988-03-06
563,Caylee,T,Merrill,1994-04-25
564,Beckham,X,Dickson,1998-05-09
565,Reese,E,Aguirre,1999-06-18
566,Kendra,Z,Malone,1993-05-08
567,Cecelia,J,Sellers,2003-10-03
568,Trace,K,Le,1987-05-14
569,Jorden,H,Avery,1980-04-26
570,Ronin,G,Mccoy,1984-11-07
571,Bruno,E,Bolton,2008-04-02
572,Ali,U,Parker,2005-10-14
573,Skyla,Y,Bolton,1984-07-02
574,Antonio,S,Santiago,1988-05-22
575,Paola,Q,Henson,1984-02-20
576,Chanel,N,Rowland,1996-06-27
577,Kaylie,Q,Baird,2005-09-13
578,Izayah,W,Oconnor,2003-03-30
579,Walter,G,Houston,1997-11-27
580,Dangelo,K,Palmer,1992-08-24
581,Kelsey,P,Foster,1984-07-15
582,Genesis,A,Wilcox,1996-08-16
583,Yehuda,O,Bradshaw,2003-10-06
584,Paisley,M,Nelson,1986-09-30
585,Miya,U,Dalton,2007-10-29
586,Darnell,S,Golden,1996-10-05
587,Edgar,Z,Chambers,1995-01-05
588,Shaniya,X,Reese,1994-05-25
589,Taryn,R,Hopper,1994-03-17
590,Brian,Y,Walls,1997-04-06
591,Gavyn,O,English,1982-07-20
592,Kendal,H,Macias,1981-01-07
593,Sonia,U,Oconnor,2005-05-23
594,Zara,B,Bass,1992-07-25
595,Vivian,A,Frazier,1996-09-28
596,Nicolas,P,Gutierrez,1991-03-25
597,Callum,K,Pollard,1985-02-02
598,Pierre,I,Ferguson,2003-08-24
599,Annie,W,Bowers,1992-08-27
600,Valeria,I,Patel,2002-10-11
601,Clinton,L,Soto,1982-09-21
602,Maria,C,Avery,2000-07-08
603,Marcel,M,Pacheco,1992-03-23
604,Ingrid,P,Lindsay,1989-03-21
605,Alina,Y,Gaines,2004-08-16
606,Thaddeus,R,Harmon,2006-05-23
607,Lilith,K,Carrillo,2007-08-07
608,Asa,E,Blanchard,1987-08-10
609,Eugene,P,Peck,2004-03-12
610,Derek,E,Aguirre,1992-05-21
611,Kyler,G,Elliott,1984-02-27
612,Jaelyn,J,Mcmahon,2001-12-27
613,Renata,V,Goodwin,1986-02-22
614,Sabrina,M,Hensley,2005-03-26
615,Luke,K,Mccray,1993-04-09
616,Akira,N,Gross,1993-01-11
617,Tatum,S,Morrison,2003-06-29
618,Harrison,K,Wood,1993-09-18
619,Corban,I,Boyle,2008-09-06
620,Viviana,R,Dejesus,1998-01-31
621,Lukas,R,Garrison,1998-07-15
622,Ruth,V,Olson,1987-08-23
623,Crystal,R,Holder,1991-11-17
624,Rowan,M,Holloway,1986-08-03
625,Urijah,X,Peterson,1982-12-27
626,Jalen,R,Shepard,1983-07-11
627,Chad,I,Rowland,1992-12-03
628,Santos,H,Morin,2007-02-17
629,Zariyah,J,Mann,2005-07-17
630,Ernesto,B,Miller,2004-11-11
631,Azaria,Q,Schneider,2008-04-04
632,Layla,J,Garza,2006-06-24
633,Flynn,A,Morton,2008-08-15
634,Mckenna,A,Mccormick,1993-05-31
635,Lillianna,D,Underwood,2006-04-18
636,Jasper,N,Brewer,1995-11-10
637,Makhi,E,Powers,2000-05-24
638,Alena,A,Blackburn,1994-03-18
639,Madison,B,Haley,2006-07-21
640,Emerson,C,Mitchell,1990-05-24
641,Matthew,F,Knowles,1990-08-23
642,Willie,I,Hopper,2002-10-23
643,Emelia,L,Love,2000-03-20
644,Haylie,Q,Osborne,1980-04-04
645,Fernanda,R,Elliott,1991-09-19
646,Steven,F,Carr,2006-05-07
647,Savannah,O,Patrick,2005-09-04
648,Maggie,H,Austin,1994-08-17
649,Aydan,Y,Campbell,1991-04-26
650,Bryant,F,Maxwell,2002-10-14
651,Ally,V,Graves,1996-12-24
652,Laila,O,Atkinson,2005-05-07
653,Britney,S,Sanchez,1997-06-21
654,Theodore,E,Hardy,1986-12-25
655,Hailee,A,Mercer,1998-11-28
656,Ryann,S,Daniel,2008-06-26
657,Everett,D,Watkins,1991-04-15
658,Jadiel,U,Solomon,2008-03-15
659,Tegan,B,Richard,2004-04-12
660,Rosa,C,Caldwell,1990-08-23
661,Roselyn,Y,Bright,1986-12-20
662,Kassandra,D,Reilly,1980-08-10
663,Luka,A,Chan,1999-06-02
664,Raymond,Y,Finley,1983-01-05
665,Taraji,C,Holland,1985-10-27
666,Mohamed,D,Hicks,1982-04-27
667,Travis,I,Skinner,1984-10-07
668,Jax,V,Odom,2000-10-05
669,Wilson,B,Weeks,2008-01-01
670,Brock,X,Barr,1987-11-12
671,Kolby,L,Moore,1989-07-19
672,Allie,C,Guzman,1988-07-02
673,Riya,S,Benjamin,1980-07-07
674,Paityn,A,Ortiz,1999-02-02
675,Sylvia,J,Glenn,2000-11-15
676,Kaiya,J,Foley,2005-05-12
677,Ayana,L,Vasquez,2006-06-16
678,Angeline,L,Velasquez,1985-10-19
679,Kellen,L,White,1987-06-25
680,Tiffany,O,Wagner,1991-02-27
681,Josephine,A,Solis,1996-03-15
682,Mila,Z,Gross,1981-10-26
683,Jazmine,Y,Roberts,1991-02-27
684,Giselle,O,Pugh,2000-09-20
685,Emery,X,Avila,2002-06-06
686,Shaun,P,Daniel,1990-12-26
687,Kassidy,H,Dunlap,1990-01-24
688,Armando,V,Moss,1999-10-28
689,Makenzie,K,Butler,1989-09-03
690,Livia,S,Allison,2007-08-06
691,Savanna,I,Daniel,1985-04-25
692,Ryker,I,Cardenas,2005-08-29
693,Jazlynn,S,England,2006-10-21
694,Haleigh,Q,Mercer,1997-04-16
695,Talon,O,Guzman,1982-05-12
696,Jake,T,Carver,1984-07-15
697,Karter,V,Williams,1981-01-12
698,Mercedes,N,Bradley,2002-01-27
699,Yaretzi,D,Parks,1999-02-24
700,Hayden,P,Dyer,1993-12-07
701,Kadence,Z,Carver,1996-01-29
702,Desiree,Y,Green,1993-10-17
703,Angeline,S,Morgan,1982-02-13
704,Whitney,Z,Jennings,1998-08-23
705,Ismael,M,Barrett,1984-05-12
706,Maria,N,Farrell,1982-12-11
707,Lacey,D,Hobbs,1988-05-11
708,Alia,L,Mcmillan,2008-06-14
709,Abigail,T,Potts,1997-05-26
710,Raphael,C,Mcfarland,1992-08-20
711,Sienna,R,Duran,1980-07-19
712,Broderick,H,Garrison,1991-04-10
713,Jensen,F,Simmons,1992-02-23
714,Justice,N,Harvey,1993-05-08
715,Alessandra,E,Bennett,2005-04-18
716,Dakota,Z,Dunlap,2004-06-11
717,Aiyana,P,Carpenter,1999-07-25
718,Delilah,B,Jimenez,1995-03-03
719,Alyvia,I,Mack,2005-12-29
720,Braiden,C,Phillips,1985-07-12
721,Demarcus,L,Martinez,1995-08-31
722,Carmen,A,Clark,1990-03-04
723,Lia,J,Santana,1998-03-05
724,Julian,C,Snyder,2003-04-18
725,Samson,U,Maddox,1992-01-29
726,Hattie,L,Mckenzie,1995-05-06
727,Lucian,J,Mcclain,2004-09-20
728,Phoebe,Q,Curry,1991-04-17
729,Kaitlin,I,Shannon,1986-09-06
730,Miguel,N,Cote,2005-08-14
731,Victor,V,Franklin,2003-12-05
732,Leilani,H,Glenn,1988-09-07
733,Eden,D,Fitzgerald,1983-03-12
734,Michelle,A,Mccullough,2005-01-08
735,Maximo,N,Guy,1981-06-30
736,Zane,M,Suarez,2002-01-04
737,Cyrus,G,Montgomery,2008-01-28
738,Briley,C,Espinoza,1983-05-16
739,Phoebe,C,Pearson,2003-03-13
740,Deanna,E,Hancock,1983-11-08
741,Elle,E,Fischer,1997-10-15
742,Gabriel,S,Walton,2003-04-28
743,Diego,S,Bentley,1993-10-03
744,Aylin,Z,Barker,2000-03-11
745,Taylor,Y,Jordan,2004-05-01
746,Lacey,K,Landry,1999-10-27
747,Jean,O,Horne,1992-09-15
748,Nicolas,X,Nelson,2008-03-28
749,Abrielle,B,Shaffer,1982-01-22
750,Taliyah,W,Snider,2001-09-05
751,Camron,O,Schroeder,1987-12-16
752,Damion,Q,Hale,2001-08-01
753,Shiloh,J,Pace,1998-12-23
754,Will,V,Hunt,1994-10-11
755,Hannah,B,Petersen,1987-09-07
756,Bowen,X,Jones,1982-11-04
757,Taliyah,Q,Mcguire,1995-02-19
758,Natalee,B,Everett,1987-06-08
759,Adeline,L,Porter,1984-11-02
760,Valentin,U,Espinoza,2002-03-30
761,Braden,Q,Whitley,1998-04-02
762,Sonia,I,Wilkinson,2002-08-22
763,Salvador,W,Norris,1999-11-15
764,Trinity,B,Mcfadden,2002-10-26
765,Melany,H,Glover,1998-08-25
766,Coleman,S,Sweet,1985-10-15
767,Adelyn,D,Hall,1996-02-16
768,Kassandra,X,Peck,1981-03-09
769,Jaxton,J,Nash,1993-11-13
770,Alexzander,T,Whitehead,1997-09-03
771,Wayne,I,Richardson,1981-12-02
772,Tomas,X,Good,1989-06-29
773,Lennon,W,Long,1996-03-09
774,Millie,O,Stephenson,2002-05-03
775,Makhi,N,Read,2006-04-21
776,Lila,V,Landry,1998-03-22
777,Jakob,X,Witt,2002-12-18
778,Julia,K,Mckinney,1996-06-29
779,Kamila,Q,Payne,1988-10-29
780,Tristian,I,Berry,1992-10-17
781,Beckett,E,Talley,1990-11-04
782,Yandel,U,Valdez,1988-08-17
783,Renee,M,Walter,1984-03-10
784,Hector,W,Mooney,2005-07-08
785,Cannon,A,Fuller,1995-06-29
786,Mira,Q,Hayden,1982-07-23
787,Brinley,U,Ellison,2002-02-10
788,Kristina,E,Faulkner,1987-02-20
789,Emerson,K,Carson,1999-11-04
790,Katelynn,D,Kramer,2004-07-10
791,Finley,Q,Jones,1998-04-28
792,Yaretzi,C,Dalton,1980-03-26
793,Delilah,W,Adams,1991-09-09
794,Mckenzie,Z,Mayer,1980-11-10
795,Zachary,P,Sutton,2003-05-11
796,Ricky,T,Hatfield,1999-08-24
797,Darnell,Z,Tran,2003-12-01
798,Rashad,M,Garcia,1998-09-19
799,Layne,N,Mcgee,1994-04-09
800,Zaiden,N,Austin,1997-07-23
801,Bradley,Q,Carson,1992-02-18
802,Eva,A,Leblanc,2008-03-02
803,Noe,D,Coleman,1988-01-26
804,Ralph,J,Case,1983-09-17
805,Braelyn,T,Duncan,1993-05-01
806,Clare,I,Sampson,1986-03-09
807,Crew,P,Cohen,1985-05-06
808,Vivian,K,Sanders,1996-11-29
809,Austin,J,Glover,1989-04-14
810,Demetrius,Z,Young,2001-12-31
811,Tianna,G,Mayo,1985-09-13
812,Hayes,F,Payne,1999-01-10
813,Jazmyn,E,Whitley,2008-01-20
814,Hassan,Y,Fletcher,1980-12-10
815,Salma,W,Farmer,1986-05-31
816,Meredith,H,Foster,1981-04-08
817,Jaylene,X,Sexton,1981-09-17
818,Adrien,V,Reese,1997-02-09
819,Brenden,I,Harris,2000-05-14
820,Crosby,B,Riley,1993-05-02
821,Crosby,G,Oliver,1981-03-01
822,Nataly,J,Morrow,1994-02-19
823,Aiden,I,Lucas,2001-03-20
824,Demarcus,O,Vargas,2008-04-13
825,Kane,Z,James,2006-10-15
826,Jordan,Y,Browning,1996-11-04
827,Jordan,R,Chen,1985-11-19
828,Lillian,R,Martinez,2001-09-27
829,Raelyn,D,Collins,1996-08-21
830,Amirah,F,Alvarado,1981-08-31
831,Iker,R,Ball,1997-12-02
832,Carolina,I,Hopkins,1998-11-27
833,Skyler,J,Ward,2005-02-02
834,Edith,R,Hodges,1983-11-14
835,Danica,O,Rowland,1998-07-11
836,Quintin,T,Tate,2003-07-06
837,Ryland,H,Contreras,1983-05-26
838,Howard,O,Simmons,1992-10-16
839,Jaylin,M,Sears,1980-11-16
840,Zachery,U,Roman,1994-10-24
841,Billy,G,Coffey,2006-02-24
842,Brody,G,Fleming,1984-07-07
843,Eden,C,Fletcher,1994-01-21
844,Karter,W,Stephenson,1996-04-21
845,Randall,T,Mcdonald,1989-06-27
846,Piper,Y,Durham,2005-03-23
847,Madisyn,F,Welch,2000-01-02
848,Adriel,Y,Browning,1998-03-25
849,Nadia,L,Church,1999-07-29
850,Trey,J,Fuller,1998-04-27
851,Alice,X,Cannon,1993-11-12
852,Gilberto,Q,Bennett,1999-06-18
853,Emerson,B,Rush,1994-01-28
854,Melvin,H,Mcdaniel,1986-05-03
855,Hanna,C,Sharp,1980-04-16
856,Johnathon,P,Mathis,1991-01-19
857,Aryanna,Q,Macias,1997-01-01
858,Mara,P,Cooper,1983-04-09
859,Janessa,S,Dale,1991-06-15
860,Ali,D,Roberson,2004-01-28
861,Kohen,J,Alston,1985-11-18
862,Aaden,T,Mcdaniel,1995-08-17
863,Malakai,K,Parsons,1986-08-18
864,Gracelyn,R,Roth,2005-12-04
865,Helena,C,Wolf,2002-03-02
866,Cale,G,Perry,2003-12-31
867,Temperance,B,Holcomb,1995-11-08
868,Briley,Z,Davidson,1989-08-14
869,Bailey,M,Mann,1988-01-23
870,Rhett,D,Torres,1991-07-04
871,Carmelo,I,Huff,1994-06-10
872,Myra,G,Olsen,2006-12-05
873,Alana,Y,Morris,2003-01-14
874,Brenda,U,Tucker,1984-01-13
875,Kara,U,Raymond,2006-09-19
876,Xavier,F,Lopez,1995-11-28
877,Aimee,S,Reeves,1992-07-01
878,Austin,U,Slater,2005-10-06
879,Kailey,J,Pittman,1995-07-09
880,Emery,Q,Ochoa,1992-09-24
881,Adelaide,U,Jimenez,2000-12-18
882,Lillian,C,Dale,1996-07-11
883,Waylon,K,Alvarez,1981-09-27
884,Angel,L,Freeman,2008-09-03
885,Bently,G,Herrera,1994-01-19
886,Leila,R,Moses,1981-05-07
887,Karsyn,Z,Briggs,2001-03-04
888,Angelica,K,Madden,2005-06-22
889,Leah,L,Mcleod,1998-07-19
890,Johanna,D,Harvey,1997-03-26
891,Delilah,X,Santos,2005-06-21
892,Addilyn,Z,Dixon,2001-03-09
893,Anabel,E,Riddle,1998-02-18
894,Kolten,I,Frost,2002-02-26
895,Kaylynn,G,Cox,1982-12-22
896,Francesca,K,Burt,1992-09-04
897,Killian,S,Fulton,1995-07-20
898,Brett,O,Donovan,2000-03-25
899,Angelina,X,Dodson,2003-03-28
900,Jada,G,Crawford,1983-10-24
901,Mohamed,T,Bauer,2003-06-05
902,Rivka,M,Johnson,2008-11-04
903,Bryce,T,Miller,1999-12-31
904,Luka,B,Morgan,1989-12-24
905,Briana,W,Madden,1988-10-27
906,Deegan,M,James,1993-12-13
907,Felicity,U,Ellis,2008-08-05
908,Karen,K,Trujillo,1981-03-26
909,Jadon,T,Washington,1984-10-18
910,Cayson,A,Hopper,1982-11-04
911,Ezekiel,B,Buckley,2008-01-07
912,Anders,B,Clayton,1981-09-16
913,Remy,Q,Duffy,2006-04-19
914,Neveah,R,Hunter,2004-12-11
915,Cali,F,Thornton,1993-07-31
916,Nathalie,N,Buck,2002-01-20
917,Rosa,W,Chandler,2002-04-03
918,Lawson,X,Harvey,2000-12-30
919,Delaney,B,Deleon,2000-04-05
920,Devan,U,Flores,1986-12-24
921,Jemma,Q,Guzman,2008-03-03
922,Donovan,G,Branch,2004-07-24
923,Kaia,P,Sanchez,1986-03-12
924,Erika,Y,Compton,2001-11-01
925,Brianna,L,Savage,1993-06-14
926,Jerimiah,Q,Lott,2007-12-12
927,Zayne,W,Newman,1999-02-06
928,Selah,E,Barrera,1987-07-17
929,Liana,G,Preston,1991-03-26
930,Junior,T,Phelps,1992-03-22
931,Jayden,H,Morgan,1987-09-01
932,Lawrence,N,Vaughn,1989-10-06
933,Conrad,I,Black,1997-09-24
934,Jenna,G,Castillo,1987-12-28
935,Kendyl,R,Jarvis,2008-01-14
936,Aliza,X,Vazquez,1996-01-23
937,Ismael,T,Christian,2004-01-19
938,Isaias,P,Gamble,1982-04-06
939,Perla,U,Combs,1992-11-17
940,Kailynn,Z,Graves,1982-10-28
941,Jorden,L,Cortez,1985-02-22
942,Liana,M,Pierce,1989-06-20
943,Bronson,Y,Vinson,1993-08-18
944,Jennifer,Y,Chandler,1982-08-31
945,Brynlee,Y,Ayers,1995-06-02
946,Cynthia,C,Banks,1983-01-18
947,Zackery,Q,Blake,2002-10-04
948,Camdyn,O,Roth,1985-10-18
949,Alvaro,S,Kirkland,1985-12-12
950,Kyra,N,Tyler,1990-11-27
951,Madilyn,I,Graves,1986-03-03
952,Maeve,P,Garrison,1996-01-13
953,Belen,O,Moore,1996-07-02
954,Jaden,W,Webb,1981-04-18
955,Alondra,X,Robbins,1990-02-18
956,Jazlynn,R,Holt,1988-04-08
957,Oscar,J,Wade,2008-04-04
958,Madeline,L,Cervantes,2002-03-23
959,Maximus,T,Sanders,1997-10-27
960,Finley,F,Pugh,1998-06-27
961,Cayden,E,Beach,2008-12-09
962,Zion,D,Lucas,2003-01-18
963,Reyna,C,Hinton,2002-07-03
964,Madden,G,Bell,1988-09-11
965,Ryleigh,F,Luna,1998-11-27
966,Thaddeus,N,Ortega,1989-01-28
967,Averi,D,Holman,2003-04-26
968,Aaron,T,Dillon,1987-10-17
969,Ayana,J,Lindsay,1996-06-27
970,Cristian,V,Palmer,1992-01-08
971,Dominic,I,Ruiz,2001-02-24
972,Alijah,Q,Montoya,1992-01-14
973,Madalyn,J,Sweet,1981-04-03
974,Noel,C,Mcintosh,1982-05-06
975,Bianca,V,Hancock,1988-07-14
976,Isiah,O,Rodriguez,2008-08-23
977,Damion,S,Oconnor,2006-08-25
978,Presley,C,Jefferson,1988-10-29
979,Efrain,V,Odonnell,1999-08-27
980,Miya,R,Rogers,1987-09-02
981,Jolene,F,Whitaker,1991-07-02
982,Gianna,E,Wynn,2004-02-08
983,Kaitlin,V,Mayer,1980-01-12
984,Holden,H,Campos,1999-07-25
985,Lilith,K,Campos,1993-07-26
986,Sage,C,Calhoun,1980-08-10
987,Teagan,Y,Hendrix,1989-10-26
988,Campbell,T,Chase,2006-07-11
989,Lexie,S,Rich,2008-04-25
990,Reagan,S,Barton,2005-07-01
991,Johnny,T,Collins,1993-11-23
992,Elisha,V,Pittman,1980-06-28
993,Courtney,N,Dale,2003-02-25
994,Graham,B,Reyes,2005-07-22
995,Calvin,W,Kaufman,1994-11-05
996,Piper,D,Dunn,1980-07-20
997,Emmalyn,Y,Barr,1983-09-07
998,Audrina,X,Solis,1994-02-24
999,Tyler,I,Harrell,1992-02-17
1000,Caroline,G,Baker,1986-04-19
